sept_paystat,AGE,LIMIT_BAL,sept_bill,aug_bill,sept_payment,july_bill,june_bill,aug_payment,april_bill,may_bill,april_payment,y_actual
2,24,20000,3913,3102,0,689,0,689,0,0,0,1
-1,26,120000,2682,1725,0,2682,3272,1000,3261,3455,2000,1
0,34,90000,29239,14027,1518,13559,14331,1500,15549,14948,5000,0
0,37,50000,46990,48233,2000,49291,28314,2019,29547,28959,1000,0
-1,57,50000,8617,5670,2000,35835,20940,36681,19131,19146,679,0
0,37,50000,64400,57069,2500,57608,19394,1815,20024,19619,800,0
0,29,500000,367965,412023,55000,445007,542653,40000,473944,483003,13770,0
0,23,100000,11876,380,380,601,221,601,567,-159,1542,0
0,28,140000,11285,14096,3329,12108,12211,0,3719,11793,1000,0
-2,35,20000,0,0,0,0,0,0,13912,13007,0,0
0,34,200000,11073,9787,2306,5535,2513,12,3731,1828,66,0
-1,51,260000,12261,21670,21818,9966,8517,9966,13668,22287,3640,0
-1,41,630000,12137,6500,1000,6500,6500,6500,2870,6500,0,0
1,30,70000,65802,67369,3200,65701,66782,0,36894,36137,0,1
0,29,250000,70887,67060,3000,63561,59696,3000,55512,56875,3000,0
1,23,50000,50614,29173,0,28116,28771,1500,30211,29531,1100,0
0,24,20000,15376,18010,3200,17428,18338,0,19104,17905,0,1
0,49,320000,253286,246536,10358,194663,70074,10000,195599,5856,50000,0
1,49,360000,0,0,0,0,0,0,0,0,0,0
1,29,180000,0,0,0,0,0,0,0,0,0,0
0,39,130000,38358,27688,3000,24489,20616,1537,930,11802,33764,0
-1,39,120000,316,316,316,316,0,316,316,632,0,1
2,26,70000,41087,42445,2007,45020,44006,3582,46012,46905,1820,1
-2,40,450000,5512,19420,19428,1473,560,1473,0,0,1128,1
0,23,90000,4744,7070,5757,0,5398,0,8292,6360,2000,0
0,23,50000,47620,41810,1973,36023,28967,1426,30046,29829,997,0
1,27,60000,-109,-425,0,259,-57,1000,-189,127,1000,1
0,30,50000,22541,16138,1300,17163,17878,1300,19617,18931,1012,0
-1,47,50000,650,3415,3415,3416,2040,3421,257,30430,0,0
0,26,50000,15329,16575,1500,17496,17907,1500,11400,18375,0,0
-1,27,230000,16646,17265,17270,13266,15339,13281,36923,14307,0,0
2,33,50000,30518,29618,1718,22102,22734,1500,23680,23217,716,1
0,32,100000,93036,84071,3023,82880,80958,3511,75589,78703,2504,0
-2,54,500000,10929,4152,4152,22722,7521,22827,8981,71439,51582,0
-2,58,500000,13709,5006,5006,31130,3180,31178,5293,0,768,0
-1,30,160000,30265,-131,131,-527,-923,396,-1884,-1488,0,0
0,40,280000,186503,181328,8026,180422,170410,8060,177413,173901,6737,0
0,22,60000,15054,9806,1500,11068,6026,1518,18660,-28335,617,0
1,25,50000,0,780,780,0,0,0,0,0,0,1
-1,31,280000,498,9075,9075,4641,9976,0,9477,17976,781,0
0,33,360000,218668,221296,10000,206895,628699,7000,179224,195969,4000,0
0,25,70000,67521,66999,3000,63949,63699,4500,65970,64718,2500,0
0,22,10000,1877,3184,1500,6003,3576,2927,4451,3670,500,0
0,37,140000,59504,61544,3000,62925,64280,3000,69802,67079,3000,0
0,30,40000,18927,21295,3000,25921,25209,5000,29197,26636,0,0
-2,29,210000,0,0,0,0,0,0,0,0,0,1
0,22,20000,14028,16484,3000,15800,16341,0,0,16675,0,1
0,46,150000,4463,3034,1013,1170,1170,1170,0,0,0,1
-1,32,380000,22401,21540,21540,15134,32018,15138,11873,11849,8251,0
0,24,20000,17447,18479,1318,19476,19865,1315,20063,20480,1069,0
1,42,70000,37042,36171,0,38355,39423,3100,39362,38659,1500,1
0,43,100000,61559,51163,2000,43824,39619,1606,33258,35762,1000,0
-2,49,310000,13465,7867,7875,7600,11185,7600,464,3544,0,0
1,25,180000,41402,41742,1300,42758,43510,2010,45319,44420,1622,0
2,29,150000,46224,34993,1600,31434,26518,1718,16540,21042,5000,0
-2,45,500000,1905,3640,3640,162,0,162,2530,151,0,0
0,34,180000,16386,15793,8500,8441,7142,1500,8321,-679,2000,0
0,34,180000,175886,173440,8083,172308,168608,7296,129918,132202,3800,0
-1,34,200000,1587,1098,0,782,1166,0,1414,700,0,0
0,29,400000,400134,398857,17000,404205,360199,15029,364089,356656,23000,0
0,28,500000,22848,23638,1516,18878,14937,1300,15571,13827,2000,1
0,39,70000,70800,72060,4025,69938,16518,2095,830,14096,0,0
2,29,50000,24987,24300,0,26591,25865,2700,28264,27667,0,1
0,46,50000,28718,29166,1000,0,0,0,0,0,0,1
-1,51,130000,99,0,0,0,0,0,0,2353,0,0
-2,57,200000,152519,148751,0,144076,8174,0,7918,8198,1000,1
2,56,10000,2097,4193,2300,3978,4062,0,4326,4196,160,1
2,30,210000,300,300,300,1159,2280,1159,4250,300,909,0
1,29,130000,-190,-9850,0,-9850,10311,0,7319,10161,13899,0
2,22,20000,18565,17204,0,17285,18085,1200,5982,11205,0,0
-1,31,80000,780,0,0,390,390,390,390,390,390,0
2,29,320000,58267,59246,2500,60184,58622,2500,63526,62307,1600,1
-1,32,200000,9076,5787,5818,-684,5247,15,3151,3848,1395,0
1,37,290000,0,0,0,3155,0,3155,0,2359,0,0
-1,32,340000,3048,5550,5713,23337,4291,23453,25820,80153,2016,0
0,24,20000,14619,17216,2850,16642,16976,0,18543,17332,0,0
-1,25,50000,42838,37225,1759,36087,9636,1779,10030,9590,1000,0
-1,45,300000,291,291,291,291,291,291,291,291,291,0
0,22,30000,28387,29612,1686,30326,28004,1400,6411,26446,0,1
1,44,240000,0,0,0,0,0,0,0,0,0,1
0,33,470000,165254,157784,6400,162702,69923,7566,29889,29271,3000,0
0,26,360000,23411,27796,4796,30400,33100,3400,196,180000,2963,0
0,30,60000,26324,27471,1576,28108,21993,1213,19771,19899,0,1
0,44,400000,131595,139060,10700,126819,104430,3,94058,104990,2800,0
0,49,50000,48909,47863,1676,21489,20414,1302,19482,19342,826,0
0,33,160000,130028,107808,4400,71934,118418,3547,120418,118407,4500,0
-1,45,360000,390,1170,1170,780,390,0,390,390,390,1
0,32,160000,3826,4751,1147,6604,8604,2000,766,7072,2303,0
0,35,130000,81313,117866,40000,17740,1330,5000,1190,7095,2090,0
2,44,20000,8583,8303,0,9651,10488,1651,11970,12314,1500,0
2,53,200000,138180,140774,6300,142460,144098,5500,149531,147124,5000,1
-1,39,280000,7524,0,0,3968,3868,3968,0,0,0,0
-2,27,100000,-2000,5555,7555,0,0,0,0,0,0,0
-1,37,160000,880,1602,1602,840,840,840,0,0,7736,0
0,23,60000,45648,46850,1937,47214,19595,1301,19323,19209,835,0
0,35,90000,83725,85996,3621,87653,35565,3597,30835,30942,1143,0
-1,43,360000,3967,8322,8339,3394,6451,3394,9956,26370,68978,0
0,27,150000,86009,86108,4031,89006,89775,10006,40788,87725,800,0
0,22,50000,18722,18160,1411,16997,13150,1194,7899,8866,197,0
0,38,20000,17973,19367,1699,19559,18240,1460,150,17928,0,1
-2,32,140000,672,10212,10212,850,415,850,1430,100,0,0
-2,30,380000,-81,-303,223,32475,32891,33178,34056,33564,5000,0
0,63,480000,422069,431342,16078,479432,487066,55693,469961,471145,24200,0
0,22,50000,44698,42254,1767,38347,32496,1362,24094,23477,904,1
2,26,60000,56685,55208,0,59175,60218,5000,55305,55447,3000,0
-1,24,70000,5580,0,0,0,0,0,26529,0,2000,0
-1,36,80000,6108,2861,2861,3277,3319,3279,1150,1150,1035,0
-1,52,350000,713,2272,2272,722,867,722,5263,1150,5011,0
0,38,130000,171438,178382,10908,39940,120483,0,126568,44127,4796,0
1,35,360000,-103,-103,0,-103,-103,0,-103,-103,0,0
0,31,330000,105879,108431,9260,105594,105896,0,107289,106491,0,0
0,47,50000,13244,14722,2000,15181,15928,1000,17393,16671,1000,0
2,41,280000,135673,138532,6500,134813,144401,0,149415,152174,5000,0
0,24,100000,52128,52692,2000,54477,56076,2677,59713,60100,2033,0
0,41,50000,19015,19294,1340,20259,20274,1305,19957,20311,684,0
-1,24,30000,18199,17618,0,18631,21319,1312,21201,20692,1000,1
-1,28,240000,326,326,326,326,5676,326,326,476,526,0
2,26,80000,14029,15493,2000,16630,17055,1700,18186,17629,1000,1
-1,34,400000,19660,9666,9677,11867,7839,11867,7959,14837,5712,0
0,38,240000,50254,51445,2000,53015,52479,3000,1203,1307,563,0
2,37,50000,46004,45976,1000,48953,48851,4035,51143,49318,0,1
1,40,450000,0,0,0,0,0,0,0,0,0,1
1,48,110000,0,0,0,0,0,0,0,0,0,0
2,35,310000,304991,311243,13019,306314,258610,11128,198889,246491,5987,1
0,27,20000,19115,18962,1404,19298,19378,1130,15630,19717,0,0
1,23,20000,0,0,0,0,0,0,0,0,0,0
0,52,200000,110151,99530,3568,98951,100914,3585,104993,103146,3784,0
0,36,180000,163736,116422,4655,99278,95766,2690,95927,97753,1000,1
0,51,50000,3347,3899,1000,4503,5347,1066,7077,6375,134,1
3,55,60000,60521,61450,2504,57244,28853,7,26547,29510,1500,0
1,23,30000,4000,5645,5645,3508,-27,3508,5906,13744,3024,0
1,41,240000,95,2622,2622,3301,3164,3301,1737,360,924,0
0,34,420000,253454,247743,9744,229049,220951,9553,188108,210606,11326,0
0,46,330000,227389,228719,8210,229644,227587,8095,228203,227775,8200,0
0,22,30000,28452,26145,2000,26712,25350,1400,-780,17603,1560,0
0,34,240000,10674,12035,1500,13681,13269,1800,13891,14158,327,0
0,27,150000,17444,19342,2500,22000,24614,3000,30229,27200,5000,0
0,33,210000,7166,7997,1500,8792,9189,1500,5708,4404,546,0
-1,51,50000,752,300,300,5880,0,5880,0,0,0,1
0,24,50000,50801,50143,2360,49586,19430,1700,18995,19375,2130,0
1,47,240000,0,0,0,0,0,0,0,0,0,1
-1,28,180000,1832,0,0,832,332,416,416,416,832,0
1,23,50000,10131,10833,1000,20583,19996,10000,18065,19879,600,0
-2,29,170000,12159,10000,10000,10000,10000,10000,15846,9983,10000,0
-1,29,20000,1199,15586,15586,344,2340,344,339,6702,330,0
0,28,50000,4999,5913,1000,7315,9195,1500,10138,10624,0,0
0,27,170000,19269,20313,1661,20852,17560,1200,9100,17918,0,1
1,34,200000,197236,176192,8000,93069,135668,5000,59875,132233,8500,0
1,23,80000,9168,10522,1650,10205,9898,0,12034,10123,1,0
1,60,260000,-1100,-1100,0,21400,0,22500,869,969,0,0
0,32,140000,86627,78142,3455,68336,64648,3110,55251,58319,2602,0
0,25,80000,42444,55744,30000,43476,41087,3000,31826,41951,14000,0
1,41,350000,208,2906,2906,1000,630,1000,0,0,0,0
0,56,280000,208775,182350,8042,132257,101783,6700,169311,177145,6321,0
0,26,30000,9014,10406,1700,11427,11935,1500,14206,13084,1500,0
0,34,140000,23944,28049,5000,32073,43129,5000,48699,47086,5504,0
0,37,200000,105420,102870,4000,89643,90938,3250,94031,92505,5000,0
0,30,200000,196031,196143,7300,189524,167163,7108,122324,146975,4500,0
2,45,210000,115785,122904,10478,129847,137277,10478,154105,145533,10478,1
3,57,50000,12854,12362,0,13447,13427,1600,14083,13711,600,0
2,41,30000,24357,27453,3500,26718,28168,0,28321,27579,1250,0
2,27,50000,390,390,390,780,216,780,540,1080,390,0
-1,47,290000,1234,396,396,396,792,396,423,396,369,0
0,34,250000,141223,156858,17994,151841,152803,0,160220,155997,3920,0
0,46,60000,21148,23803,3000,24908,26034,1500,27756,26655,1500,0
0,27,110000,101640,104795,5500,104855,74737,3900,77254,76058,2800,0
-2,50,370000,6093,15130,15383,8204,15398,8204,13453,4792,4699,0
-1,27,100000,102349,96847,3166,58824,29336,0,-246,22979,50000,0
0,35,90000,72112,73854,3500,75526,77317,3500,88290,85852,0,0
0,22,50000,28040,29092,1510,29366,27737,1442,28806,28318,567,0
0,37,270000,37695,33397,5000,30534,27598,2000,24641,26344,2000,0
-1,30,300000,688,3280,3288,0,4340,0,800,2672,746,0
-1,22,50000,8567,15273,15000,11650,7457,1000,7725,3115,10000,0
1,24,50000,-709,-709,0,-709,-2898,0,-3272,-3272,0,1
1,29,360000,0,0,0,77,0,77,0,0,0,0
1,56,130000,64617,65978,3000,67282,68557,3000,71345,72796,0,1
-2,30,80000,6187,100,504,600,1438,500,5380,1919,0,0
1,30,50000,48860,47801,0,48363,30221,1500,22361,22877,2000,0
0,22,20000,16001,12622,1212,13221,13130,1201,14906,14034,1000,0
0,29,80000,77883,81811,5800,80250,61467,1000,11486,10662,0,0
-1,37,240000,12212,26578,15000,25331,26605,0,1256,26279,65935,0
0,35,80000,49608,12412,12500,14873,17364,6500,17460,17770,2000,0
0,47,500000,56422,110616,70010,110340,122967,30357,70064,108834,20000,0
0,24,60000,58024,57891,2500,48839,18971,1600,19395,19323,2000,1
0,25,20000,10642,11677,1200,13070,12280,1593,1620,1615,0,0
1,38,100000,14483,13961,0,15323,16268,1600,16448,15868,1500,1
1,32,360000,2616,57077,57087,5287,68445,5295,16240,13881,38313,0
2,47,200000,199436,202947,8214,193936,196186,7000,189915,200162,6836,1
1,34,130000,0,5396,5396,10270,13576,5000,14636,13864,2000,0
1,31,20000,21703,21087,0,21461,20835,1000,20487,20219,0,0
0,32,310000,59901,62147,10020,62102,65875,6031,43328,60387,4223,0
2,27,60000,19625,20347,1342,21669,23005,1664,22873,22499,846,1
-1,29,180000,11386,199,199,0,0,0,17042,17227,5114,0
-1,24,180000,14670,22087,37867,21282,10200,0,0,0,0,0
0,36,50000,47790,18114,2000,18250,-14,1000,658,72,20011,0
1,24,50000,36166,37188,1900,37680,38462,1400,40035,39228,0,1
-2,34,150000,0,0,0,0,116,0,1500,0,0,0
0,22,20000,18553,19446,1500,19065,8332,1032,19247,18868,1000,0
-2,34,500000,412,138,138,2299,1251,2299,1151,1206,15816,0
1,22,30000,29010,29256,1000,28122,29836,85,0,1630,0,1
-2,38,180000,750,0,0,0,0,0,0,0,0,0
0,31,140000,27123,27299,25000,17985,20225,0,10833,27407,2500,0
-1,26,140000,13424,18000,10000,13001,5818,13001,487,13506,7004,0
0,26,120000,107314,110578,5000,113736,116000,5000,122135,119131,5000,0
0,48,360000,226430,231878,9100,234192,190211,7300,146511,173557,4100,0
-1,43,20000,227,20351,22359,20237,19339,1305,19337,19450,1700,0
-1,47,100000,390,1473,1473,390,390,390,0,390,2380,0
-1,41,210000,3088,1586,1586,343,3763,343,0,877,419,1
0,24,80000,81625,81554,3200,79599,49552,3000,49568,49509,1800,1
-1,50,330000,8872,4337,4345,2854,1690,2854,1709,0,258,0
0,24,220000,105607,108917,5000,111520,8303,5050,85632,0,0,0
1,38,210000,0,0,0,250,123,250,1222,789,9616,1
0,43,40000,38257,38901,1700,38103,36207,1504,31339,33138,1000,0
0,39,30000,28347,28108,3036,18388,12992,2309,8032,7736,148,0
2,27,470000,296573,303320,13000,307843,479978,11001,309959,305145,10367,0
-1,42,30000,390,390,390,390,240,390,780,1320,0,0
1,36,240000,-946,-946,0,-946,-946,0,-946,-946,0,1
2,36,80000,79278,78501,3100,78534,80016,3500,78245,76235,3000,0
0,31,110000,89989,84229,4000,79288,73315,5000,63208,63818,8954,0
-1,38,310000,1424,4542,4542,126,0,126,0,0,0,0
2,40,360000,105167,115468,12000,112157,114690,0,120238,117845,4700,1
0,45,330000,335196,334954,12388,335527,333860,12378,330121,335760,11678,0
0,35,300000,291619,297268,12019,205629,215827,9006,212508,208464,15000,0
0,33,320000,91653,94037,10042,108597,65913,18832,33263,43805,3754,0
1,37,50000,52626,51537,0,49205,30394,24,29957,30249,30592,1
0,28,170000,130370,131199,6530,128900,125514,4860,128839,127280,4962,0
-1,44,350000,3265,2686,2686,1864,569,1864,0,0,0,0
0,37,20000,16455,16511,1609,18902,18768,3000,19175,18650,782,0
2,23,50000,49758,48456,2401,44116,21247,2254,18858,20066,1004,1
1,24,20000,19154,18165,0,17233,7630,1333,0,1730,3200,0
0,24,50000,35084,35796,2090,30937,19420,2002,1308,10385,389,0
1,23,20000,20235,17132,0,16856,16875,1200,10104,13454,10000,1
0,26,50000,102800,0,0,0,2624,0,46557,45567,2000,0
2,34,190000,129801,131383,5000,134379,142323,5000,150052,140120,2769,1
0,33,60000,58203,36367,1506,20934,20694,1298,19421,20175,599,0
-1,35,80000,7988,3977,3983,6848,1719,6853,19942,1378,2418,0
0,27,150000,127402,110050,4500,51547,44384,1745,29497,36900,2529,0
-2,31,210000,1440,0,0,7422,893,7422,2293,6082,3299,0
0,50,240000,234205,231669,10116,214642,207642,9150,214694,210375,7714,1
0,41,140000,19346,21708,3000,22940,19068,2000,16383,16409,2399,1
1,28,60000,21501,20650,0,0,0,0,2285,0,0,0
0,39,50000,47174,47974,1800,48630,50803,2000,15874,30789,2000,0
0,27,50000,26655,27724,1800,28676,27990,1750,29399,28790,1100,0
-1,32,180000,3139,5853,2821,2821,0,0,0,2821,176,0
-1,40,30000,142,215,355,139,19,120,79,19,60,0
0,40,20000,19816,20396,1601,20102,19575,2203,0,0,0,0
0,75,250000,52874,1631,1631,1536,1010,1536,794,5572,1184,0
0,27,100000,37767,34457,1788,30036,30337,1799,32904,30997,0,0
0,25,330000,46140,45781,2504,48139,51137,4007,25358,39450,2566,0
0,46,50000,35713,15392,1561,16099,16418,1268,17484,16765,2000,0
1,26,50000,50867,51486,1710,48869,30115,136,29998,29527,3003,0
0,28,30000,29242,29507,5006,29155,25255,1244,0,22001,0,0
0,26,140000,101551,105246,5366,104781,105334,5087,106828,107699,3304,1
0,28,160000,70243,47779,7042,28052,7222,2000,84426,99669,10000,0
-1,29,400000,19532,3719,3127,1453,4944,1469,2486,1896,862,0
0,25,50000,27699,28513,1565,29341,29928,1393,28538,29533,886,0
0,48,140000,1154,1233,1233,862,1355,1075,21361,1130,1347,0
-1,33,160000,8015,2453,2453,9624,52572,9880,2210,7333,0,0
0,43,100000,62170,0,0,0,0,0,0,0,0,0
2,48,220000,210380,213522,10000,201852,169115,9020,162402,172169,5500,1
0,29,510000,78331,99414,40010,107686,103776,20094,36739,87265,65000,0
0,29,50000,49276,35100,1602,32563,27823,1400,28309,29130,6318,0
-1,38,160000,4473,4664,4664,5969,18941,5969,12652,16578,1916,0
-2,37,230000,2283,50815,51315,0,0,0,338,299,0,0
-1,37,80000,10115,249,258,5986,188,5995,16872,1644,4000,0
-1,25,150000,6156,0,0,0,316,0,316,316,316,0
0,23,10000,6974,7838,1134,9002,9182,1298,9411,9729,175,0
0,49,130000,89003,91362,4100,72197,49654,3095,27500,28065,0,1
0,48,40000,34871,34449,1600,33634,34586,1600,35673,34762,1500,0
3,27,50000,13694,14880,1700,14242,13968,0,2614,14319,1390,1
0,32,100000,70003,31545,2035,20974,19713,2004,18126,19848,2015,0
-1,34,120000,1082,632,0,1350,900,1350,0,450,450,0
1,58,260000,0,0,0,0,0,0,0,0,0,1
0,33,200000,11253,12852,2000,14024,14512,1322,11905,16325,3000,0
-2,28,360000,0,0,0,0,0,0,0,0,0,1
0,36,70000,68699,69120,4483,68376,30163,12496,15085,14310,2000,0
2,40,460000,171,2715,2728,-13,2641,0,22535,-10,0,1
-1,26,50000,1156,316,316,316,316,316,316,316,316,0
0,33,50000,50859,50462,2007,50654,20046,2199,19703,20067,697,0
0,31,250000,103109,102594,4000,97109,99029,4500,101299,100871,4400,0
0,27,30000,1512,2458,1000,664,1814,664,0,0,0,0
0,44,270000,127543,109189,10063,92630,69669,5162,43414,44149,31031,0
0,30,180000,163935,153152,7722,147032,122196,6091,70204,103692,3211,0
0,28,100000,53494,52656,4173,52600,52336,3000,56265,55831,3000,0
0,32,230000,195126,88743,5000,92195,94814,5000,98457,98182,5000,0
-1,46,210000,110346,41986,41986,21874,20076,21874,586,16171,19777,0
2,38,210000,60502,62804,3276,62769,62683,2026,46549,63663,2502,0
0,46,440000,180641,181557,8610,149944,113135,6907,97622,105280,2701,0
2,25,100000,70896,71678,3472,70125,69856,2092,51365,69718,1559,1
0,46,240000,8751,9900,1295,10605,10765,1000,4311,11765,1000,0
-1,33,280000,898,898,898,325,898,325,-339603,325,345293,1
1,22,50000,0,0,0,0,0,0,0,0,0,1
3,43,30000,1700,2610,1100,1914,2182,0,2566,2000,0,0
0,27,10000,7015,10227,3507,9560,9901,0,10182,9963,700,1
1,29,130000,0,0,0,0,0,0,0,0,1500,0
0,31,200000,194353,197344,9000,186292,133345,7465,133990,133634,5300,0
-1,29,120000,1686,657,657,2179,1423,2319,1820,0,2496,0
0,36,210000,143225,142996,6483,144415,148190,5082,131629,147993,4700,0
0,36,280000,58983,60788,2755,63225,29701,3463,30771,30172,2000,0
1,34,300000,0,0,0,13001,12601,13001,203,19595,0,1
0,37,100000,99209,98222,3490,67185,66926,2332,64513,66796,2305,0
-2,36,440000,0,0,0,0,0,0,0,0,0,0
0,40,50000,49941,51213,2400,12104,12898,1206,14458,13687,1000,0
0,25,20000,11968,14564,2800,27820,15824,0,12510,15761,2000,1
-1,27,200000,871,665,665,960,4242,960,7414,4084,2880,0
-2,26,110000,432,3220,3220,5704,1256,5904,400,1848,0,0
-1,36,500000,10483,23956,23962,0,8500,0,0,4590,0,0
1,27,300000,0,5215,5215,0,0,0,0,0,0,0
2,55,30000,9720,10613,1200,11339,12841,1200,14514,13836,1500,1
-1,27,60000,20847,13801,13809,14366,4889,14583,11736,273,0,0
-1,38,400000,3697,3600,1000,1354,5322,1354,2077,5103,9085,0
0,34,180000,143301,146333,7000,147042,127814,5000,132845,130331,5100,0
0,40,20000,10934,13738,3000,16567,10411,3100,14340,13057,0,0
-1,49,200000,52439,51040,0,56205,54723,6000,59983,58657,3000,1
0,27,100000,55734,52557,1631,33415,28776,1286,6441,17580,200,0
0,23,60000,49507,33282,1970,34312,17277,2000,19346,17808,616,1
0,36,110000,47819,48947,2200,50330,50894,2500,53652,52175,2200,0
1,53,260000,0,165,165,526,452,526,485,397,459,0
3,46,50000,48522,50955,3754,29516,29742,1,24883,29898,654,0
1,29,180000,-2,-2,0,-2,-2,0,-2,-2,0,0
1,29,110000,58362,56598,2500,51908,48647,0,47969,47862,2000,1
0,27,340000,172180,180140,21105,166281,155628,5461,103263,145645,50000,0
-1,24,50000,1399,2441,1070,3865,7476,1500,8085,8384,1000,0
0,28,230000,26361,18826,1710,1100,2100,1100,6173,767,1000,1
0,32,360000,93029,94054,10000,91834,95631,7000,100738,100123,10000,0
1,43,210000,0,0,0,38013,40555,38013,37056,45075,3000,0
-1,41,220000,650,650,325,325,950,0,325,475,325,1
2,34,60000,24898,27976,3800,27233,30184,0,30225,29566,1291,1
-2,55,340000,50396,44665,44665,8300,2190,8321,7416,24599,77195,0
2,40,150000,99855,102586,5200,100064,104975,0,109428,107147,4200,0
1,37,200000,-179,505,1000,189,6773,0,16893,23209,2500,1
0,40,130000,9559,12394,3000,11883,9826,0,12685,10167,500,1
1,28,60000,10540,10232,0,11237,11427,1483,31857,20973,7000,0
1,43,400000,0,0,0,0,0,0,78388,1600,0,0
0,27,20000,20571,19089,1323,19658,19453,1600,18868,19108,376,0
0,28,190000,143464,146943,5795,151905,153538,7408,160361,156664,5865,0
0,30,260000,156882,160246,10000,159988,158114,8000,159108,158762,6000,0
-2,31,140000,390,0,0,0,0,0,0,0,0,0
0,31,50000,46512,47716,1974,49675,30929,4406,29170,30078,1047,1
-1,34,120000,882,6531,6900,6313,1100,5037,830,1330,2037,0
-2,30,240000,92,92,92,92,0,92,0,92,1883,0
0,36,50000,5916,6172,1212,4123,680,1200,978,978,0,0
-1,29,200000,2393,183,0,4847,20183,4872,24248,24815,1000,0
0,39,180000,274731,281713,11000,242063,122295,145000,1005,-1005,1898,0
0,26,180000,145403,138232,5440,130553,105894,5051,106517,108248,4028,0
-1,29,160000,3097,-707,0,-2697,2303,0,1654,6182,13000,0
-1,26,100000,1370,4192,4210,4159,3542,4159,3980,1980,1525,0
0,29,50000,47081,49316,3000,50409,45545,2000,41145,39963,2000,1
0,31,140000,138119,137950,6600,140254,139679,6500,142174,141748,5000,0
0,26,30000,17893,19012,1411,20123,20222,1522,19844,20796,1000,1
0,26,90000,39128,20473,1541,1940,1940,4200,23101,0,3000,0
1,36,200000,-14386,-13543,10118,3432,-3684,47015,1386,0,10000,0
1,30,380000,0,0,0,0,0,0,0,0,0,1
0,43,80000,77057,78102,3177,58501,51042,2600,19414,19036,882,0
2,58,50000,15899,18720,3400,18122,18530,0,18856,19089,638,0
-1,45,180000,27679,28422,1481,29650,29981,2000,31127,30419,1500,1
0,26,240000,141315,128940,6349,124226,113133,5834,103360,113966,3520,0
0,34,380000,194314,179206,9010,193992,174675,35000,169121,171253,4400,0
0,24,110000,83755,77431,3000,79044,80631,2900,84462,82333,4000,0
-1,34,260000,49657,291,291,51058,2351,51058,291,34039,291,0
4,23,500000,507726,509229,10000,499936,505507,0,419643,484612,19000,1
0,30,320000,71305,71151,2589,72029,72849,2568,74610,74374,2500,0
4,32,50000,45734,44741,0,43562,44039,0,25775,45008,1590,0
1,40,110000,0,0,0,2066,2000,2066,216,216,66,1
-2,35,230000,761,300,300,399,665,399,613,576,520,0
1,56,330000,-9,1520,1529,1488,0,1507,8676,3965,384,0
0,61,50000,47166,49396,3000,50476,23319,2237,24774,23171,1039,0
-1,24,10000,2887,1923,0,2989,2813,1500,2132,2008,0,0
1,40,300000,0,0,0,0,0,0,0,0,0,0
3,32,20000,20631,20010,0,19703,11084,1168,10985,10918,616,1
2,36,180000,83538,0,0,0,0,0,0,0,0,1
-1,30,160000,99,2977,2977,15086,8578,15086,21712,13028,50000,0
0,34,90000,34302,35089,1640,43449,42451,9000,48767,49718,2000,0
0,54,30000,22987,22298,2500,22352,23221,2000,25943,24339,0,0
0,46,180000,173267,174590,8100,175233,106288,5299,178719,28089,7000,0
0,58,30000,19143,20168,1640,21229,21495,1700,22437,21800,1961,0
1,43,30000,20518,19901,0,20905,21509,1342,24242,25183,1000,0
-1,28,140000,10833,14446,14000,7609,4991,3855,3745,3400,4000,0
0,30,210000,69937,71906,3500,43308,44584,3000,49888,47842,10000,0
0,31,50000,20526,15129,2000,15093,9577,3000,12487,11139,5000,1
0,29,130000,89055,90780,4200,70947,72367,2575,75355,73875,5750,0
2,37,50000,1894,3200,1500,3381,3559,400,2415,1948,400,1
0,36,140000,100594,78372,3000,91502,90859,30000,88450,88616,3300,0
-1,28,170000,2948,3848,1105,5646,5464,1903,5889,5577,95,1
0,25,80000,22619,31429,10010,27923,25280,1209,0,0,6305,0
0,42,410000,338106,342904,15000,344464,240865,14000,240176,234939,8300,0
1,29,80000,0,80000,80000,0,0,0,0,0,0,0
-1,73,80000,63144,65631,3500,68875,70646,4330,75018,72870,5100,1
0,43,150000,153249,154049,7900,156523,159653,6500,157759,162866,5334,0
-1,30,260000,1131,291,291,582,291,582,291,0,651,1
1,38,350000,0,0,0,0,0,0,0,0,0,0
1,39,280000,-1312,35918,38621,37297,37154,2000,33316,32581,5000,1
0,44,310000,103797,91989,4400,87720,76218,4013,71620,72090,2653,0
0,29,140000,20110,17102,3000,18862,19996,3000,21085,21214,2000,0
-1,51,360000,38000,25000,25000,0,0,0,0,0,0,0
0,27,140000,142428,144105,10000,143952,142590,10000,142620,142650,5600,0
0,38,100000,40810,42653,2502,42351,43011,1200,28947,43011,0,0
-2,22,50000,0,0,0,0,848,0,632,0,0,0
0,30,210000,104701,106134,4002,108423,91143,5000,74125,82733,5000,0
2,25,120000,120298,120822,4007,109887,116313,0,117167,119311,4400,0
0,29,240000,156362,132280,5233,99174,65372,3289,184922,28797,6100,0
0,42,60000,41322,29091,1488,28097,28665,1394,29064,28768,2000,0
-1,41,150000,1464,2084,2091,384,0,384,822,2344,472,1
0,48,30000,27879,28870,1774,27806,25142,1710,26179,25667,2244,0
2,29,160000,160432,163916,7500,159676,166893,0,153800,170098,5654,1
-2,52,200000,3858,2690,2690,3410,0,3487,82150,0,396,0
0,25,120000,26476,21393,6000,0,0,0,0,0,0,0
1,37,500000,507062,491956,325,430637,376657,15296,303510,356636,10526,0
0,27,320000,55607,62893,11404,59001,61565,8232,66541,59508,11341,0
0,31,280000,168382,175646,10000,180650,182672,8000,167983,168399,6288,0
1,23,60000,29332,28577,0,30805,31601,2709,32965,32349,1200,1
-1,38,200000,190,0,0,0,367,0,-150,-150,0,0
1,32,230000,0,0,0,2809,4595,2809,3404,792,0,0
1,27,230000,13668,12647,0,13135,10596,1064,5068,9218,4641,1
-2,41,480000,14867,26665,26734,199960,9033,199982,22593,19371,2000,0
-1,35,50000,22500,5000,5000,0,0,0,0,0,640,0
-2,31,200000,7184,14845,17507,1097,0,1102,160,0,1103,0
0,30,50000,14811,16262,2000,17286,17895,1600,18990,19450,1000,0
0,48,50000,44338,43048,3629,35639,18753,3332,19548,19091,2500,0
1,36,260000,0,0,0,0,0,0,0,0,0,1
2,24,30000,25265,26354,1500,27710,27959,1800,29371,30002,1800,0
0,29,440000,169661,167199,8071,158520,156977,9021,151936,157963,6010,0
-1,38,230000,10237,2795,2795,1350,371,1350,0,2980,2213,0
2,38,200000,104978,105924,4500,102663,97090,0,105253,98045,0,1
0,30,490000,192586,197967,10000,201666,205798,7143,190306,196698,6000,0
-1,32,80000,11262,0,0,0,0,0,0,0,0,0
2,49,20000,9551,12081,3000,13087,12583,1500,16414,15327,1000,1
-1,31,170000,199,199,199,199,398,199,199,199,398,1
0,27,70000,70119,68536,3600,66601,29401,1646,29795,28949,1000,0
0,33,210000,212601,177946,6000,119362,117766,4500,66167,68791,3000,0
0,25,90000,91894,71732,3200,73241,74424,3300,77648,76070,3100,0
0,27,390000,304867,299998,13007,300426,292869,10612,281826,292885,7000,1
0,29,110000,48123,49537,2500,50422,50990,2500,53206,52014,2500,0
0,36,580000,159760,162189,6422,166127,169365,6565,167964,168755,5946,0
0,55,360000,9210,8485,6015,17231,1770,17454,0,0,0,0
1,32,270000,234752,233036,10000,229286,217644,8000,221413,223690,0,1
-1,27,60000,14072,0,0,0,300,0,150,150,200,0
0,37,110000,61807,62499,2300,62162,60605,2200,60145,60272,2300,0
0,25,50000,51044,50231,2500,46677,44982,3008,20859,21399,704,0
0,23,80000,77024,73281,3212,57806,37642,1600,47110,46235,1700,1
-1,23,50000,350,350,350,400,1695,400,12584,12645,2400,0
0,32,100000,83831,85586,4000,87289,91451,4037,89522,93381,3200,0
1,26,30000,0,0,0,945,0,945,2995,197,0,0
0,27,200000,122923,124653,5704,126355,114881,5930,124793,117213,4400,0
0,44,240000,246135,231443,12026,234557,200643,9010,198857,194410,7000,1
0,34,220000,37304,33304,1600,29254,24875,1500,15602,20329,500,0
0,28,160000,146433,107604,4500,89902,90983,4400,83988,82255,2500,0
-1,53,180000,46122,1260,1260,29366,5400,29366,1599,0,0,0
0,42,200000,38564,38246,5000,32253,30384,1485,0,30900,2102,0
0,30,140000,96304,98007,4505,82227,65000,12906,58880,60848,5200,0
1,51,380000,0,0,0,0,0,0,0,0,0,1
2,53,600000,467150,458862,0,469703,447130,18000,434715,440982,20000,1
0,37,260000,255691,262736,14000,36638,122388,5022,131074,127402,6000,0
0,26,200000,156786,179,179,1443,1443,1443,871,1443,2015,0
0,42,80000,78129,28202,2500,78553,49340,51432,48443,48919,1700,0
0,39,40000,40034,36549,2027,17431,15031,1207,5315,10600,4987,0
1,39,130000,71034,69329,0,74175,72383,6000,75820,77217,6000,0
-1,32,50000,23974,24131,1800,25326,25775,1900,0,0,0,0
-1,41,230000,819,18163,18163,5473,8162,5654,9130,6985,6554,0
0,48,70000,50927,39883,2100,32017,17630,1217,6400,9730,4590,1
0,38,180000,152510,151651,5657,159019,123022,10372,126219,126075,5000,0
-1,36,80000,1689,8638,8638,5702,2980,5723,7868,1260,2198,0
0,26,290000,20807,99860,80000,100000,3015,3000,1448,23473,4900,0
0,28,230000,30141,131255,120093,110503,99283,8034,96116,97599,3000,0
1,56,170000,0,0,0,1991,0,1991,150,0,614,0
-1,59,230000,208459,206331,7536,203813,201331,7277,191671,198999,6945,1
0,38,220000,212795,211043,8909,212759,218541,7500,165300,167743,7009,1
0,32,230000,28114,28006,1610,25000,22046,1224,19831,19860,500,0
0,38,500000,59372,49677,10026,49515,42568,7241,51481,48268,2132,0
-1,41,90000,6160,3274,3276,6190,307,6246,670,2870,1362,0
0,35,390000,355215,363325,13802,373181,252195,16525,263018,257496,9435,1
0,41,400000,366193,372700,14020,375948,195991,13595,155182,152127,6012,0
-1,34,180000,2927,2790,2790,1140,2144,1140,1382,1180,2440,0
1,38,60000,29295,30321,1800,31018,32193,1500,35002,34213,0,0
-1,32,120000,4158,2682,2682,0,6440,0,5930,0,5120,0
0,29,60000,27199,28358,1900,28937,29614,1400,23159,30391,420,0
0,44,50000,50893,28527,1800,29241,28513,1500,29638,29106,1000,0
0,37,70000,66759,68200,2518,72972,71248,5950,50809,50610,2700,0
-1,38,500000,600,300,0,501,300,501,450,600,600,0
-2,31,200000,0,0,0,0,0,0,0,0,0,0
0,40,250000,44930,137101,120041,90801,0,4435,919,1069,67619,0
0,26,140000,131367,146193,17000,140202,144035,0,130271,140419,5400,1
0,28,70000,41264,41799,2112,37887,37876,1200,4162,6736,0,0
1,48,90000,77604,73317,1700,71334,67009,4000,59378,63228,4086,0
-1,43,100000,2491,1709,1709,574,556,574,2562,2306,2111,0
0,31,190000,177554,180633,7600,172914,130139,6303,117465,115494,3517,0
-1,42,230000,6865,15111,15111,13165,0,13165,6992,10500,0,0
0,39,320000,93768,91523,3317,91579,91193,3506,95323,92837,938,0
-1,36,220000,396,1648,1648,792,396,792,396,396,792,1
-1,34,260000,16426,6088,6277,4663,3885,4663,2514,4414,7725,0
-2,32,90000,573,0,157,0,0,0,0,0,0,0
2,43,30000,28703,26622,1300,24022,24368,2,19633,20859,800,0
0,30,260000,98560,100980,4000,222102,108724,11900,69174,68500,2003,0
0,28,170000,28304,17616,4000,308,0,308,0,0,0,0
0,28,80000,8574,9434,1203,10038,10040,1047,10490,10400,276,1
-1,41,50000,508,672,1000,226,390,390,320,220,1000,0
0,47,200000,203183,202961,7521,194449,196814,7000,198717,200526,7100,0
0,23,20000,16440,20417,7403,18333,18848,0,19664,30190,104,0
-1,49,250000,66,0,0,0,120,0,1639,-6,0,0
0,38,20000,15912,17272,1623,20565,20705,3916,19933,20255,850,0
0,38,30000,20344,21705,2000,22537,24161,1500,24576,25128,1200,0
1,35,90000,23132,22474,0,28067,27320,6000,30548,31199,2000,0
0,46,230000,221590,227397,10000,230302,186635,9000,193351,189896,7000,0
0,33,130000,19161,20544,2000,22704,22304,3000,0,22304,0,1
-2,53,30000,0,0,0,0,0,0,0,0,0,0
-1,35,160000,396,396,396,396,0,396,1220,792,0,0
-1,43,500000,3959,0,0,285138,249445,285138,200,222831,528666,0
0,28,180000,42238,38741,2500,36696,35813,2000,34661,37893,2000,0
0,30,80000,21507,13207,1700,13997,10914,1400,5515,10685,500,0
-1,26,120000,884,0,0,0,10446,0,0,0,0,0
-1,31,130000,1261,1261,1261,1261,1411,1261,390,930,780,0
-1,35,120000,240,240,240,240,240,240,240,240,240,1
-1,28,360000,20223,52962,53228,3978,1743,3997,50537,2828,3219,0
2,23,50000,29509,30741,2000,31438,31924,1500,33081,32566,1500,1
0,23,20000,18355,20259,2900,19534,16467,10,13246,15746,4,0
0,56,100000,94265,53376,2385,85787,78762,88678,80335,79529,732,0
0,32,70000,68739,67629,3060,69188,68392,3300,71284,69884,5500,0
0,47,50000,13917,16695,3000,21320,18614,5000,19439,19003,500,0
1,22,10000,10250,8558,0,10525,10050,2126,9984,9903,1287,0
0,34,290000,93844,97708,6000,103066,104864,7000,115297,110151,7000,0
0,31,30000,16496,17522,1597,18531,18744,1606,19818,19291,1623,0
1,27,410000,-58,32991,33049,36465,44310,16000,61420,62408,5350,0
-1,28,360000,1210,820,390,64644,125984,75720,125557,106584,167000,1
0,42,140000,111496,112133,6022,69529,70804,3021,66735,70781,5000,1
0,32,210000,67374,69489,3200,70937,71761,3200,74827,73505,3000,0
-1,27,220000,1692,13250,13250,433,1831,433,2891,0,153504,0
1,27,20000,18649,18066,0,19040,19446,1594,20241,20759,300,0
2,45,620000,160837,156839,0,160440,163781,6200,170894,167159,6000,1
1,26,360000,-8,-8,0,-8,-8,0,2600,1677,0,0
-1,21,20000,18763,14410,14410,13771,362,0,0,5308,0,0
0,23,50000,34549,18552,2836,19334,18165,1200,19575,19322,1000,0
0,30,50000,97538,49187,2454,17518,17710,1588,18302,18079,637,0
0,46,10000,4073,6394,2400,6143,6908,0,6785,6652,251,1
2,50,100000,53849,55030,2050,61574,62470,7500,62524,61198,2500,1
-2,26,50000,2411,3059,3068,2333,1800,2440,0,1620,0,0
-1,25,60000,480,1675,1675,3630,578,2500,6200,4825,2435,0
0,35,440000,330759,337794,13100,274075,252584,11000,179221,216547,5500,0
0,44,120000,92007,87939,5417,82094,59105,2847,46775,53442,0,0
0,52,50000,3257,4166,1000,0,0,0,0,318,0,0
1,40,110000,92638,90905,600,95768,97004,7300,101213,99005,3800,0
-1,38,200000,399,0,0,0,0,0,270,218,317,0
1,28,150000,0,0,0,0,0,0,318,0,0,0
2,36,30000,28778,28039,0,28286,27533,1000,28805,28189,1500,1
0,24,100000,30092,30486,1553,30178,29735,5000,29427,14718,330,0
-1,34,360000,12339,10138,10000,23912,9785,13912,2142,166,4230,0
0,31,390000,50620,43220,5000,44237,46495,3000,51941,47751,5000,0
1,41,220000,-65,-65,0,-65,-65,0,-200,-65,0,1
-2,25,160000,0,0,0,0,0,0,0,0,0,0
-1,28,230000,2403,7357,7357,9752,12608,2566,20539,10797,2000,0
0,27,120000,52437,50473,5024,45087,35424,5000,31214,31760,3500,0
0,52,100000,4657,6068,1500,6418,6781,1000,7638,6144,2000,1
-1,41,190000,28204,0,0,16500,0,16500,554,26854,0,1
0,56,50000,50715,51073,2500,28185,28842,1500,29977,30399,1017,1
1,42,240000,0,6370,6370,0,0,0,0,0,0,0
-2,24,40000,35285,36714,2000,37356,38184,1600,37255,38724,1751,0
0,47,630000,37850,68187,38187,1207,2632,1207,0,8654,4981,0
-2,33,160000,5233,5393,5401,1824,350,1829,199,150,1145,0
0,32,110000,65299,74565,11000,78516,79829,5800,83206,81603,3000,0
0,29,20000,17208,18419,2055,0,0,0,0,0,0,0
0,53,210000,57192,58472,2800,59658,60466,2753,65163,61593,0,0
-1,34,270000,5780,12006,12006,15736,6621,5736,14923,2457,1712,0
-2,52,360000,640,2113,2231,-6,999,0,-3,944,789,0
-1,42,60000,631,2790,2790,1758,416,1758,3640,416,730,0
-1,38,360000,108351,111201,8005,63146,63723,8004,66078,65108,105700,0
2,45,390000,834,155,1,-1690,4240,1693,2698,3346,3,0
-2,35,250000,7244,8472,8514,1738,6706,1751,11082,2391,13407,0
0,24,90000,13141,14526,1600,15482,18219,1500,23387,22737,764,1
-1,28,360000,7071,401,1510,3545,10540,3575,6220,10132,16071,0
0,26,50000,35429,30626,1537,30241,20284,1947,19567,19166,683,0
0,40,270000,18751,5706,1000,0,0,0,0,0,0,0
1,29,200000,55788,8360,8394,4897,5065,4927,0,19468,125,0
0,23,50000,49809,50364,2040,38429,18815,2766,19013,18305,1000,0
-1,33,350000,10900,10478,10530,-22,-22,0,4532,-22,0,0
-2,60,160000,3128,5156,5156,1089,489,1089,1009,3177,0,1
-1,49,80000,3367,4641,4641,2290,1459,2290,7601,6764,7990,0
2,53,290000,279610,282024,13000,282508,284660,10200,238266,255892,8546,1
-1,28,270000,475,475,475,5691,37526,5691,48888,50565,15000,0
-1,31,80000,5994,32223,13647,8308,4082,8314,4085,538,0,0
0,36,50000,5197,6015,1300,6615,7131,1100,6980,6987,1000,0
-2,35,30000,7797,2687,2687,8762,3377,8765,0,2000,0,0
1,28,30000,0,780,780,0,0,0,0,0,0,1
-1,33,90000,35785,29155,15155,27485,29266,5485,38449,35598,6537,0
-1,26,160000,1433,3746,3757,30258,1036,30348,9528,21572,6066,0
0,53,80000,77766,77954,4000,78512,60452,2374,54022,61556,2000,0
0,42,50000,50300,50898,2200,49111,48943,1600,0,45775,0,0
0,25,20000,14603,15661,1600,16394,16723,1300,17618,18056,800,0
1,43,220000,0,0,0,0,0,0,0,0,0,1
-1,25,210000,8817,23634,23776,21776,9631,0,1990,1561,7967,1
0,29,130000,131575,130931,6700,132969,45584,6000,47455,46516,1365,0
-1,31,260000,5841,23194,23194,62361,67057,50000,18659,17024,38923,0
0,30,230000,30341,25981,5000,24092,65840,5000,51522,56538,10000,0
0,34,160000,83255,83912,4000,85161,85715,3924,87526,86773,3013,0
0,35,50000,34976,6018,1127,13930,7106,1074,9011,6020,172,0
0,32,80000,48747,45955,2145,44989,41358,1844,38052,42379,5002,0
0,46,110000,56700,57875,2681,59044,59756,2724,62213,61004,2454,0
0,43,200000,144678,140804,5090,136437,135253,5014,134309,134629,4902,0
0,29,360000,268112,263368,9429,259969,255832,8738,250244,245462,7300,0
1,31,210000,0,0,0,0,0,0,0,0,0,0
2,24,80000,79243,75254,3249,58683,58886,3000,57264,60035,2200,0
-1,36,300000,-475,5191,10000,4606,2303,0,65373,2768,10780,1
0,43,310000,23396,24182,1426,25135,25095,1379,25514,25356,807,0
-1,59,30000,390,390,390,390,390,390,1320,390,0,1
0,53,170000,17862,17927,1323,18800,17647,1196,12930,18015,361,0
2,28,140000,26450,28823,3007,28171,28740,0,29930,30454,3000,0
1,31,180000,0,0,0,0,0,0,0,0,1576,0
1,34,50000,22746,22099,0,24121,23437,2700,24549,25101,1030,0
0,36,50000,9214,10359,1351,7350,7500,1500,0,0,0,0
0,24,110000,40882,35428,2000,39680,44097,5000,33189,42543,3000,0
-2,36,450000,3996,9120,9120,8528,0,8528,3000,6368,3238,0
-1,34,200000,390,390,390,390,561,390,390,390,390,0
0,43,220000,44177,25736,1006,19292,18900,32906,33150,13580,0,0
0,29,360000,3280,0,0,0,0,0,2650,0,0,1
0,37,50000,48226,48727,2000,46228,46755,1684,44573,43686,2000,0
2,23,40000,36650,29541,0,26190,26710,1435,29551,27274,0,0
1,37,190000,115049,117856,6000,119570,116284,5000,125478,123528,5000,0
0,33,150000,21724,23168,2100,23320,24085,1200,3323,24149,8399,0
1,37,200000,0,0,0,0,0,0,0,595,2370,0
0,56,270000,137807,123769,5000,104377,106651,5000,101151,109294,3900,0
0,25,60000,58839,53235,2018,38533,39639,1900,39140,39619,2000,0
0,39,200000,80833,79100,3315,70764,71629,3088,70718,70805,2620,0
0,39,150000,36146,36184,3000,37511,33080,3000,31561,30223,2000,0
-1,28,180000,340,-120,0,420,460,1000,610,460,460,0
0,27,90000,7624,0,0,0,0,0,0,0,0,0
1,37,360000,0,0,0,0,0,0,541,166,4268,0
-1,24,90000,491,0,0,0,0,0,0,0,0,0
0,24,20000,13168,13888,1237,14900,15916,1249,15829,15519,1327,0
0,46,70000,60040,55274,2600,51766,51757,1800,49946,50013,1800,0
-1,39,230000,660,660,660,660,660,660,660,660,660,0
0,48,30000,29434,28960,1465,29022,29201,2000,29693,29553,530,0
-1,45,200000,4430,7182,7193,3855,3411,3855,9921,6788,5016,0
-1,49,100000,1440,0,0,0,0,0,0,0,0,0
0,23,50000,26795,28056,2000,29284,30487,2000,33138,33831,2000,0
0,25,20000,16591,16442,1155,6401,4300,1000,0,1304,0,0
-2,47,210000,0,0,0,0,0,0,0,0,0,0
0,56,110000,46486,35758,4086,34323,30452,1428,23468,22628,4976,0
-1,44,20000,550,228,228,0,228,0,0,0,0,0
0,49,50000,5630,6629,1107,5918,6918,1000,4756,6941,0,0
0,41,50000,21986,21520,1362,20979,19894,1294,18805,18811,618,0
-1,40,400000,60125,1981,1981,4521,20472,4521,173599,76933,7700,0
0,31,170000,56364,58132,3000,59171,55888,3000,51461,53672,3000,0
0,42,280000,148363,148432,6900,151310,141937,6867,147911,144990,5600,0
0,28,130000,100143,50456,2500,50000,0,1000,0,0,0,0
0,32,210000,46255,50486,5000,54019,58091,5000,65576,61630,5000,0
0,28,370000,276436,239025,20000,149128,48907,13000,51434,53025,6000,0
0,31,30000,29493,19433,3200,18782,19006,0,21251,19637,0,0
1,39,150000,214450,147280,5180,150000,0,5000,0,-5000,0,0
2,31,60000,35369,35320,1027,0,0,0,0,0,0,1
0,24,80000,77615,77303,3100,66396,55639,2586,58390,56873,2500,0
2,44,280000,186149,181779,0,192189,195517,15000,195874,199250,15000,1
8,46,20000,21075,20795,0,20206,19617,0,18148,18737,0,0
-2,32,270000,0,0,0,1100,300,1100,-200,-200,0,0
0,26,240000,14348,7500,1000,7816,7500,7816,14497,7500,500,0
0,22,20000,20137,20179,1300,18067,18666,1301,19547,19115,1600,0
1,42,450000,-200,-200,0,0,42000,200,0,0,0,1
0,33,10000,8177,9131,2500,9669,7624,1145,6857,8049,1500,0
-2,39,280000,2082,3557,3597,5623,5400,5672,3526,3866,3519,1
0,27,290000,13820,15614,2000,16293,7760,1300,0,2000,0,0
0,28,190000,46923,48666,2500,49347,50386,2000,34412,43883,2000,1
0,23,80000,53261,38091,4500,19744,14556,2011,1460,0,0,0
-1,28,280000,427,298,0,1179,1714,1179,1047,2875,1000,0
-2,33,160000,14150,8106,8106,12431,12145,12431,7957,13391,1905,0
0,40,90000,42856,44925,3114,0,787,0,0,1457,0,1
-1,37,140000,1034,40000,40000,0,0,0,510,0,0,0
0,22,50000,5137,5960,1300,6270,6000,1000,390,5810,1170,0
0,32,40000,24114,25417,2000,28777,29107,4110,30456,29693,0,0
0,43,130000,130067,129385,5540,96775,98071,4403,100124,97743,3681,0
0,27,70000,61611,62711,3011,63695,63926,3095,59480,67361,2258,0
0,35,30000,25078,25538,1500,25880,25873,1387,26918,26157,2000,0
1,35,100000,97002,102698,8200,97997,103384,0,101492,97266,0,0
2,30,20000,5766,7511,2000,7678,7318,500,7598,7458,0,1
2,34,30000,99568,32326,33000,31840,37075,33000,36904,37662,3095,0
0,34,20000,12857,14183,1541,14890,15642,1248,17113,16387,1000,1
2,28,100000,96193,82342,3600,81967,82177,3800,79261,78840,3000,1
2,25,30000,2400,2400,0,2400,2400,0,1800,2400,0,1
0,41,320000,97797,99672,4520,101953,102284,5050,105859,104090,3510,0
2,42,90000,64762,63164,0,32789,31641,2900,28306,29240,1300,1
2,40,190000,145613,156765,15000,159386,161870,6600,169928,165725,7000,1
0,28,200000,71989,122129,52129,147936,149573,30000,156323,152574,10000,0
-1,31,300000,3345,1083,1087,4339,7423,4355,2508,4059,4141,0
-1,56,30000,29033,17013,1283,7024,7024,7024,7024,7024,7024,0
0,45,110000,26650,20787,1532,20566,21158,2000,22158,22141,2000,0
-2,29,230000,0,0,0,1024,0,1024,0,0,0,0
0,35,230000,4259,5432,1250,6182,0,1000,0,0,0,0
0,28,310000,106468,108955,8000,112374,54762,6000,57170,58189,5000,0
0,40,320000,247276,241167,10000,238196,231580,10000,235837,229683,8000,0
-1,47,360000,1548,-32,0,177639,174397,177671,4125,4852,10007,0
-1,41,20000,780,0,0,732,642,732,643,1252,1000,1
0,27,170000,162671,166202,7500,161973,167201,6000,171863,161327,6200,0
0,40,140000,123049,125616,4310,129695,130735,5913,136287,133467,4767,0
0,32,80000,51372,51872,1853,47593,43882,1700,42527,42256,1500,0
0,35,150000,60015,72227,20000,51364,54340,30000,2129,0,0,0
-1,27,170000,1170,780,0,0,0,0,0,0,0,0
2,29,200000,159398,156955,6163,132144,119136,4530,125021,122211,5000,1
0,30,70000,55664,59529,5800,57571,57871,0,59329,60872,2500,0
-2,37,320000,43528,498,500,429,14257,431,2967,5417,5028,0
-2,29,150000,0,0,0,0,0,0,0,0,0,0
0,34,50000,27966,28539,1267,11597,6611,1553,7570,7349,1000,0
-1,34,90000,8792,7500,0,0,0,0,0,0,0,0
-2,41,280000,28026,41302,41346,51500,35752,52110,13969,3955,4437,0
0,31,300000,43610,43280,1655,36156,30305,1797,561,30155,500,0
-2,40,400000,0,8235,8235,0,0,0,0,1524,385,0
-1,27,200000,5780,105,105,105,0,105,8588,7384,1304,0
0,22,10000,8109,9778,2000,8259,0,1036,0,0,0,1
1,30,50000,52515,51424,0,49967,20036,0,37615,20076,1600,1
1,22,30000,22582,26518,4600,25814,25110,0,26357,24569,2500,0
-1,26,50000,15448,16392,1500,18096,18425,2000,19060,18619,1000,1
1,38,50000,58102,59011,2500,56272,53663,2500,50616,51507,2000,0
1,46,30000,12289,11806,0,13268,12758,1970,14673,13549,0,0
0,24,20000,10476,7279,1000,688,688,688,1320,688,0,0
0,49,20000,16326,17497,1441,18456,18424,1400,10000,18800,0,0
0,49,50000,17681,18249,1611,18054,18569,2000,18088,19152,2000,0
0,42,30000,47912,25023,1755,25768,26410,1500,46254,27960,2000,0
1,30,360000,18886,14249,0,3821,2404,3828,0,319,0,0
1,42,170000,0,1690,1690,0,0,0,4750,0,0,0
-2,31,400000,203,767,770,664,1250,667,2174,-10,0,0
0,49,50000,34962,32275,1613,31253,32014,2000,29645,33573,1064,0
0,27,160000,80964,80337,4000,82182,82586,4000,87049,85145,2500,0
0,33,70000,69418,68943,2382,38783,3758,2025,0,1261,1651,1
1,35,150000,0,0,0,0,0,0,0,0,0,0
0,48,80000,45174,41885,3000,42832,23799,3413,27236,11723,2000,0
0,22,30000,23892,28459,5300,25499,25778,0,30520,28708,0,0
0,22,10000,7960,9649,2000,8518,8628,1000,5033,9293,2500,1
1,27,180000,0,3338,3338,3333,3333,3333,3333,3333,3333,0
-1,47,320000,9192,13920,13942,4022,316,4022,316,8420,516,0
0,34,80000,25935,27210,2000,28783,30003,2338,31401,29385,0,0
0,45,10000,7139,8416,1400,9815,9508,1700,10192,9754,200,1
-1,39,360000,12865,4462,4484,19560,8894,19623,998,5329,9004,0
-2,33,450000,-14,2568,2582,-387,-387,0,113,-387,2515,0
0,29,330000,49549,133957,90000,128212,79407,3000,49880,8875,519,0
-1,29,60000,546,255,0,464,1173,500,1023,732,0,1
0,26,50000,9935,11029,1234,12795,9983,2000,7666,10884,361,0
0,38,200000,152856,156104,6000,158279,161934,5000,168802,165447,10000,0
1,34,120000,1278,639,0,621,-18,621,-18,-18,0,0
-1,37,160000,316,316,316,0,316,0,0,632,316,0
0,57,110000,46132,41050,2306,40091,40659,2111,30900,38529,0,0
-2,50,70000,27345,-1041,1041,17571,17920,18862,18659,18296,690,0
0,28,150000,101593,101886,4000,101441,100829,4032,96704,101913,3050,0
0,31,610000,142764,126606,6540,67887,58397,2100,105965,105301,2000,0
0,25,110000,92849,94766,4346,93894,85723,4075,84011,86443,3202,0
2,25,80000,17330,19258,3000,23416,22768,4790,23718,23243,2000,1
0,33,170000,109863,79574,4380,78440,80141,3000,84237,81862,4500,0
-1,30,110000,1064,2001,2007,3796,0,3796,0,0,0,0
0,51,140000,56764,57950,2115,57668,55024,2004,55744,55883,2132,0
0,51,70000,43048,43257,3000,44115,41112,4000,40150,39922,5000,0
-2,46,260000,29484,28592,10000,16869,12713,3000,12532,10420,12151,0
0,38,170000,21310,22957,2000,24266,25556,2000,34434,29949,5000,0
0,34,50000,10821,11877,1221,13656,14949,2000,16826,16567,4000,0
0,34,300000,280823,275303,11000,271952,193403,12000,191069,187562,5500,1
2,31,150000,390,390,390,390,4825,390,780,5202,0,1
8,25,50000,37647,37102,0,36238,36374,0,34365,35229,3000,1
1,26,50000,0,0,0,1756,2719,1756,5176,4049,2000,0
2,25,90000,84710,87334,4000,87862,18889,3258,73568,-783,0,0
0,26,50000,48036,46787,2100,42011,19147,1227,20041,2845,649,1
-1,43,500000,43346,43976,4006,39032,29092,2383,11590,22725,1572,0
-1,36,470000,873,1593,1005,1518,285,1000,2100,688,1014,0
0,58,230000,110163,112499,5600,114837,116400,5700,51083,45643,0,0
0,26,140000,4113,6030,2000,16025,24616,16025,20047,19458,1000,0
2,30,230000,9636,10152,1222,1817,-828,1837,12663,6153,2959,1
0,31,420000,25103,21330,1509,16024,9603,1067,64507,2131,2324,0
0,24,30000,31319,31181,1564,31540,31016,1800,30528,30531,3000,0
1,52,50000,43343,43360,1300,23417,21969,1400,18711,21179,900,1
-1,24,140000,197,0,0,0,233,0,0,0,0,0
-1,35,260000,7967,67650,67650,6000,0,6000,85962,88348,25000,0
-1,29,90000,19450,3123,0,2121,3113,3509,0,0,0,0
0,33,240000,240878,233838,10000,238067,242579,11000,233710,238245,8000,0
-1,35,510000,2115,2116,1117,5560,4535,4560,1116,3488,2115,0
0,35,110000,81665,46070,2460,34419,36829,2000,40434,38080,5000,0
-1,28,210000,11442,3738,3738,7526,10217,7526,8114,11737,27760,0
-1,40,220000,158,0,0,0,0,0,612,0,1863,0
-2,35,200000,2257,4261,4266,1265,2473,1667,0,0,0,0
-1,53,360000,10733,15206,15206,15000,9744,15032,8123,11114,8736,0
-1,44,260000,316,316,316,316,316,316,466,316,316,0
0,33,20000,11026,9535,1174,10510,10472,1149,10101,10140,458,0
0,32,120000,113869,116110,5498,111978,112822,5500,117949,114969,4003,0
-1,33,50000,7363,5180,39,31902,11044,32013,0,0,0,0
1,26,60000,29649,21657,0,28736,42733,8000,37993,46404,0,0
-2,26,200000,12716,16164,16244,1954,5297,1963,3393,1483,2994,0
-1,26,20000,1438,1261,1261,451,-810,451,1320,-420,0,0
2,32,50000,47858,49223,2500,42589,639,3000,2312,4639,2000,1
1,31,50000,0,0,0,190,0,190,32851,36059,2420,0
0,29,230000,40732,44563,5000,42804,44020,0,34672,41278,3000,0
-1,27,50000,819,3003,2184,1677,1177,5,1085,1313,0,0
2,28,100000,79580,81493,3790,82759,83609,3200,87096,85325,3280,1
1,42,210000,0,0,0,2490,0,2490,0,0,0,1
0,32,230000,87764,73526,2630,72376,76870,2614,76645,75211,2800,1
1,26,500000,31421,22150,22157,0,0,0,0,0,0,0
-1,38,370000,929,328,328,0,1539,0,0,1815,0,0
-1,35,230000,2648,191,200,1947,11674,1950,32519,16160,6000,0
0,29,80000,11894,12287,1284,12407,14360,1047,4129,14657,1000,0
-1,29,60000,55064,57833,5000,9479,0,1033,0,0,0,0
1,51,30000,25382,26480,1800,25761,25964,0,27249,26507,967,0
1,27,70000,-54,273,600,19,-254,19,1096,-527,0,0
-1,32,410000,5335,5369,5400,-281,-281,0,-281,-281,0,0
1,40,280000,-288,-288,0,-288,-288,0,2124,-288,0,0
0,34,50000,46750,48317,2320,48282,18299,1282,20329,19323,1114,0
0,30,100000,97062,74352,2800,75004,76705,2700,80347,78168,3200,0
-2,29,230000,0,0,0,0,0,0,0,0,0,0
0,22,50000,13801,9549,1372,5385,7781,1275,0,0,0,0
2,48,100000,15355,17949,3164,18158,18365,800,18147,17932,3000,0
0,35,210000,37148,35754,2000,34232,32331,2000,28012,30337,2000,0
-1,37,400000,385,12695,13032,1290,0,1290,3058,0,3768,0
4,25,20000,20610,20005,0,19331,19333,0,16314,17363,0,1
-1,44,50000,2000,780,780,0,7472,0,11104,10174,1000,0
-1,28,230000,6666,6666,6666,0,0,0,0,0,0,0
0,29,220000,31037,6244,3050,0,0,0,0,0,0,0
0,36,300000,25239,25001,1713,20800,0,1000,65755,0,3000,0
1,23,80000,998,6858,6861,1879,1145,11,3703,7328,426,0
0,36,20000,16754,18873,2400,19862,19245,1600,19953,20532,0,1
0,26,190000,31061,32129,1750,33142,33726,1720,35171,35758,1400,0
0,37,160000,2694,38433,35888,38870,28574,1325,28021,27268,426,0
0,44,120000,70096,76446,8100,73732,12329,0,0,12329,0,0
0,39,700000,99259,102345,5000,109636,326,10000,61707,2016,17785,0
1,24,140000,0,0,0,0,0,0,0,1086,0,0
-1,29,300000,24921,21333,2000,16212,11304,3000,6138,11396,0,0
1,33,120000,66055,67405,3000,68405,69387,2700,72215,70727,0,1
0,39,280000,213738,228963,20300,223810,158542,0,108143,162244,4000,0
2,51,70000,54968,51384,0,49734,50361,2100,47245,49185,2100,1
-1,24,20000,4101,507,507,3042,0,3042,6204,8402,4739,0
-1,45,150000,2605,2605,2605,4590,2605,4590,3795,2605,10675,0
0,30,60000,15380,4116,4147,19453,17912,19435,18848,18480,1000,0
-1,51,200000,780,0,0,390,780,390,390,390,390,0
1,24,50000,48861,48082,2000,48614,26667,2233,26850,26036,3000,1
-1,50,150000,55336,58255,5085,36260,35037,4000,63156,34631,5000,0
0,22,20000,20243,20400,1410,19583,19983,1200,19705,20196,0,0
0,27,40000,11058,11471,2000,11776,12660,1500,12413,12660,2078,1
1,33,170000,0,7042,7042,2986,0,2986,0,0,0,0
1,24,50000,27087,26372,0,26992,27693,1400,28607,29237,1000,0
0,37,10000,8755,8158,1167,7540,8164,1022,5923,6963,0,0
-1,58,200000,3035,199602,199646,720,0,720,1500,0,185652,0
0,48,50000,20944,4696,2360,47225,16483,49325,9693,9343,503,0
-1,28,320000,2007,3477,2000,3037,1633,1000,0,3633,3000,0
8,24,20000,24310,23987,0,23353,22719,0,21162,21796,0,0
0,27,470000,152478,62084,3001,54551,14363,4005,90717,97440,5001,1
-1,30,230000,550,0,0,13013,14265,13013,0,13659,0,0
0,23,20000,17246,16988,2000,15973,18773,2000,0,0,0,0
-1,53,30000,1598,2487,2487,0,4810,0,3245,2796,7305,1
2,23,80000,22895,23837,1600,24253,24562,1100,25476,25126,0,0
0,55,110000,15069,16123,1600,16850,17568,1300,18828,18133,1000,0
0,34,420000,88948,79783,30000,80575,92982,10575,103200,98502,20000,0
1,43,500000,0,0,0,0,0,0,0,0,0,1
1,22,80000,79318,79459,2000,79788,29069,2201,27109,26551,2000,0
0,31,350000,67648,68557,3039,63179,57987,2047,39965,53948,784,0
-2,32,30000,0,0,0,0,0,0,6804,7463,4985,0
1,33,110000,0,0,0,0,0,0,150,0,102,1
0,39,500000,315201,332071,25000,375070,354839,50000,367399,369532,12022,0
-1,38,490000,4290,4738,4738,2803,6027,2803,8452,10722,1139,0
-2,34,300000,205064,-86,0,-86,2014,0,1815,-185,5000,0
2,42,50000,47647,50232,3700,50510,32177,3700,29789,29530,1132,1
4,37,150000,151117,153787,6500,150320,147989,0,143131,143355,4221,1
-1,57,80000,726,726,0,15400,15000,15400,15000,15000,100,0
0,23,40000,20035,21406,2000,24735,24050,4000,44059,43317,0,0
1,32,30000,29095,30819,2500,29214,29478,0,22428,23384,1000,0
0,37,50000,30400,0,500,0,0,0,0,0,0,0
0,23,140000,44733,44144,2100,44739,43455,2027,44614,43980,1700,0
0,49,50000,4987,6741,2000,9366,8566,3000,0,10066,0,0
-2,25,30000,26957,26269,1333,17036,27497,2256,7300,16098,0,0
0,29,40000,26461,29425,3400,30145,29361,1500,34487,33893,0,1
2,43,100000,50485,51582,2200,52141,52691,2000,53176,54199,4500,1
0,29,130000,131041,133698,7000,131990,127512,5151,129669,128683,8000,0
0,27,20000,20218,19194,1482,20112,19712,1400,6321,19712,0,0
-2,26,50000,0,0,0,0,0,0,0,0,0,0
-2,41,260000,1086,2853,3552,38836,45087,38836,46199,47201,10000,0
2,52,30000,2450,2450,0,2450,2450,0,2450,2450,0,1
0,31,10000,15915,9050,2330,9901,9975,2200,8703,9736,322,0
0,32,200000,43515,44557,1739,45574,49022,1756,49666,47459,2500,0
0,46,30000,28234,28874,1484,29437,27738,1436,27409,27268,800,0
0,35,180000,119333,123150,6000,0,0,0,0,0,0,0
0,35,100000,29109,0,0,0,0,0,0,0,47970,0
0,39,140000,105192,90337,3000,74510,73876,6000,78400,76180,3000,0
0,34,290000,310403,315048,12012,314085,317631,12012,305498,315820,12031,0
0,52,20000,14591,15616,1265,16628,16958,1277,17664,17314,641,0
0,40,80000,35660,37082,2000,38464,38922,2000,43108,40791,1600,0
-2,38,500000,13655,8351,8351,2340,2340,2340,189,11435,5391,0
-1,45,180000,4453,3310,3310,7226,5060,7228,1890,2832,2576,0
-1,40,20000,2946,0,0,390,390,390,390,390,780,0
0,25,30000,30606,29579,1800,30291,30616,1512,29818,30456,1000,0
0,33,150000,45335,50262,6000,54793,59244,6000,68837,64096,6000,0
-1,27,280000,5924,5174,5174,980,3058,1078,9530,3158,0,0
0,43,50000,23587,24580,1800,20165,10732,1775,10757,10566,501,0
2,43,20000,15294,16340,1300,17359,17776,1300,18844,19293,1000,0
-1,30,200000,4935,-200,0,11463,11751,11663,5318,11772,1000,0
1,49,210000,0,0,0,0,0,0,0,0,0,1
0,38,230000,224020,227311,8750,184500,128190,7470,133504,130883,4900,0
0,57,50000,47917,48455,1988,48120,28450,1989,29647,29046,1048,0
0,55,50000,51737,27121,2930,28103,28814,1447,29878,29261,994,1
0,23,70000,49605,51804,3000,53041,55150,2700,59141,57098,4700,0
-2,30,310000,1544,1648,1300,1284,1088,1000,-304,892,39544,0
-1,30,180000,2488,13476,13476,3173,13202,3173,2549,6594,1000,0
0,24,90000,24401,22771,1454,19461,16181,1384,14422,14669,102,0
0,28,390000,149445,139794,8046,133224,106127,5150,38555,51097,5042,0
-1,34,150000,772,337,340,618,150,618,377,150,0,0
1,37,400000,13611,15066,3019,15882,12599,5014,12284,18599,2005,0
0,32,80000,28408,25695,1259,11553,2350,1035,0,0,0,0
0,27,320000,137574,199563,6048,122093,105425,6371,96073,100206,3031,0
-1,37,240000,238,0,0,0,0,0,0,0,0,1
-2,31,200000,100,100,100,100,100,100,100,100,100,0
1,55,110000,92610,94755,4500,92351,101140,0,101577,99260,0,1
2,28,170000,131864,133897,5600,129761,138604,0,145012,136283,5656,1
0,51,90000,11315,12340,1212,13349,14276,1221,14184,13904,525,1
-1,36,200000,3877,11496,11496,5935,295,1011,0,1867,0,0
-2,30,360000,0,2500,2500,0,0,0,0,0,0,0
-1,36,140000,4036,0,0,0,2971,0,0,1607,0,0
0,25,220000,168286,155893,10000,119575,51317,3900,34608,51926,2000,0
0,50,100000,154970,0,0,0,0,0,0,0,0,0
2,40,80000,57364,58637,2200,59863,62860,2200,63293,63976,2000,0
-1,27,30000,27772,30461,3136,29325,21449,0,29086,29709,1576,0
2,30,50000,4187,5152,2300,3679,596,0,2699,446,0,1
0,26,120000,22431,12399,1500,4199,3059,1000,0,674,738,0
0,27,50000,7010,9876,3000,11115,12915,1500,0,14415,0,0
0,27,360000,79837,27456,27465,68117,39105,50154,46153,54456,40000,0
2,25,90000,86014,92898,8300,92860,88533,2400,88813,90942,4000,0
-1,32,500000,386405,387910,25016,293177,274539,20018,253671,253443,10000,0
0,46,140000,68075,69972,3000,71805,73613,3000,77169,75426,5000,0
0,45,30000,17187,24045,7900,23180,22000,0,0,22000,0,0
0,30,70000,19882,20611,1352,21859,22445,1600,23404,22935,1000,0
-2,39,200000,0,0,0,0,0,0,3983,0,0,0
0,48,350000,54969,47978,2087,48631,48351,1989,33827,47939,1500,0
1,32,120000,0,0,0,0,0,0,0,0,0,1
0,46,240000,471814,478380,16044,395612,386295,15087,352257,356206,12000,0
0,23,90000,22109,25011,6000,29230,32747,5000,43744,38217,4000,0
1,33,260000,0,0,0,0,0,0,2500,1980,0,0
0,24,50000,27245,28300,1800,31900,31090,4400,32555,31837,1400,0
0,40,110000,8481,13066,4980,17638,22204,5124,31352,26784,5742,0
-1,24,20000,1371,796,796,398,796,0,716,398,12111,0
0,24,30000,27391,28412,1767,28575,28925,1700,0,24159,0,0
-2,27,180000,11392,14688,3500,14040,13440,0,13080,13440,0,1
0,46,20000,5902,6767,1122,8145,8153,1500,8490,8324,319,0
0,22,50000,50342,50482,1896,49217,40882,1656,20303,20258,1000,0
-2,36,180000,10737,21197,21197,11936,40420,11936,17795,9210,6915,0
-2,34,200000,1242,4006,4034,941,2357,945,1143,2945,744,0
0,24,260000,68411,60386,2500,48663,50998,4000,56728,53835,3000,0
-1,60,320000,9955,3465,3465,84421,886,84440,4317,11741,52466,1
2,29,160000,1989,-8,0,866,0,874,0,892,594,1
2,32,30000,7851,9065,1500,11595,11112,3000,12566,12923,1000,1
0,36,50000,16906,17645,1314,18478,10279,1147,10776,10646,190,0
0,30,50000,21062,6495,2000,2207,0,1000,0,0,0,0
0,29,90000,47585,52084,10000,53817,54818,2600,57398,55985,3000,0
1,34,240000,11874,5979,0,6938,41858,6938,1711,10416,27162,0
1,32,180000,15548,15009,0,17752,17172,3000,23389,18732,2000,1
-1,32,200000,5150,10190,10190,10190,10190,10190,11193,10594,10190,0
0,25,50000,42543,34629,1900,27095,18538,1428,19630,20100,1000,0
-1,44,50000,1261,1261,1261,1261,1261,1261,1261,1261,1261,0
-1,37,330000,4785,3403,3523,0,5882,0,1013,5882,0,0
2,24,80000,1200,1200,0,1200,1200,0,300,600,0,1
-2,23,50000,3779,3944,3955,2118,2259,2124,1100,3527,0,0
0,29,360000,15854,8174,1000,1004,1004,1004,3508,646,0,0
0,37,240000,219099,217058,8131,187841,186140,8123,191816,191678,6000,0
0,59,50000,47069,48479,2169,49520,18990,2210,19791,19539,687,0
0,33,470000,190258,181207,40012,120318,129281,10020,164377,113437,51305,0
-1,51,160000,2000,1000,0,2125,2125,2125,2125,1000,23250,0
-1,27,30000,12897,13484,2011,6655,6618,2211,0,0,0,1
0,32,80000,81074,78262,3700,76163,76813,3400,79069,77511,3100,0
-2,42,500000,10889,26146,29987,104279,103945,104279,90193,101945,0,0
-1,39,180000,3135,2822,2833,1938,5818,2015,2628,2628,0,0
-1,46,110000,2410,2151,2151,2161,1719,2161,107940,107591,3500,0
0,41,160000,117126,11222,15315,15513,18087,15000,19939,17499,0,0
0,30,210000,21780,20974,1325,18652,13464,1074,105573,109722,4000,0
-1,34,200000,6206,6723,1120,7545,362,1024,488,181,300,1
-1,35,350000,4439,33720,33891,14283,16426,16267,2261,10833,26346,0
-1,41,250000,1338,-24,0,8324,5872,8348,2367,23020,3117,1
1,43,380000,8201,7882,39,-2,-2,0,-2,-2,0,1
-1,47,30000,396,396,396,396,792,396,772,396,0,0
0,31,200000,33781,35879,3000,26043,27497,2000,31647,29082,4000,0
-1,30,30000,27826,28672,1600,29622,30271,1500,22913,24536,1000,0
0,24,50000,14937,12171,3027,3847,11117,3858,6187,6479,3008,0
0,36,500000,294827,292920,20007,291760,288024,20026,266669,274632,10002,0
1,28,30000,0,0,0,1310,816,1310,0,0,0,0
-1,36,220000,996,4102,4102,4111,1057,1111,1324,990,1039,0
0,27,20000,42784,41009,3000,44267,47149,5000,14774,48497,2011,0
0,32,180000,74189,30670,2000,6428,4618,1000,54024,2708,2000,0
-1,42,300000,11973,61834,20979,25145,37666,5000,10492,19453,2709,1
0,33,130000,133461,133393,7010,132211,101807,6657,101597,101083,4000,0
2,39,180000,10159,12689,2710,12183,13979,0,14809,13621,2000,1
-2,30,150000,50,6527,8589,2168,-7,2500,-1,1373,2050,0
0,30,140000,134203,127319,5000,107496,69218,3500,72267,70702,2700,1
0,22,50000,49609,61162,2100,31485,15281,2000,18233,18031,1000,0
1,25,20000,6174,7543,2000,7255,3887,28,0,5887,0,1
-1,28,180000,666,662,662,-4,55566,0,390,1056,1998,0
0,26,180000,5591,6619,1126,10574,7733,4081,5487,6794,62,1
-1,54,150000,148747,145231,5500,145341,153833,5500,145738,151194,5215,0
0,24,70000,63903,65248,3000,62958,64209,2190,60883,59482,1952,0
8,29,30000,34423,33952,0,33165,32391,0,30558,31332,0,0
-2,36,500000,45106,81264,81690,18122,27229,18225,27911,21462,17397,1
0,49,60000,44801,41545,3000,40649,40843,4506,40656,40612,2500,0
-2,23,50000,49860,50187,2500,50022,20114,1289,18273,18777,2512,0
1,43,130000,1018,6377,6433,-2,935,2,1212,4985,9546,1
-2,33,260000,134736,135593,6067,120909,102524,10000,40805,40157,2000,0
-2,53,380000,0,0,0,0,0,0,0,0,0,0
2,25,360000,286732,290690,10792,284059,294308,0,279503,297916,126685,0
1,54,50000,62847,60885,2100,56828,55419,0,53143,54054,4000,0
0,39,50000,58300,59727,7876,142,29886,161,31276,30510,9100,0
-1,44,260000,1215,856,0,291,803,291,431,98,1104,1
0,27,80000,57376,58649,2200,59873,61077,2200,63655,62394,2600,0
0,25,360000,279846,169426,7004,68810,12800,1793,0,0,0,1
1,29,290000,0,0,0,0,0,0,0,0,0,1
-2,39,200000,-200,-200,0,-200,0,0,0,60800,0,0
0,45,140000,39716,40799,1600,41853,44452,1600,46383,45433,1495,0
1,38,360000,0,0,0,0,0,0,0,0,0,1
-1,23,50000,780,0,0,780,390,780,500,390,18300,1
2,25,120000,113348,110119,0,111700,83858,5000,88802,86434,2000,0
